Protein_ID,Localizations,Signals,Membrane types,Cytoplasm,Nucleus,Extracellular,Cell membrane,Mitochondrion,Plastid,Endoplasmic reticulum,Lysosome/Vacuole,Golgi apparatus,Peroxisome,Peripheral,Transmembrane,Lipid anchor,Soluble
YOR126C,Cytoplasm|Nucleus,Nuclear export signal,Soluble,0.8960000276565552,0.5873000025749207,0.017999999225139618,0.06750000268220901,0.17640000581741333,0.004100000020116568,0.1395999938249588,0.12110000103712082,0.16689999401569366,0.030700000002980232,0.23199999332427979,0.11159999668598175,0.06459999829530716,0.8205000162124634
YOR128C,Cytoplasm,Peroxisomal targeting signal,Soluble,0.84170001745224,0.40149998664855957,0.010300000198185444,0.05220000073313713,0.22290000319480896,0.008899999782443047,0.21320000290870667,0.2371000051498413,0.28450000286102295,0.3089999854564667,0.4205999970436096,0.09870000183582306,0.08299999684095383,0.8041999936103821
YOR130C,Mitochondrion,Mitochondrial transit peptide,Transmembrane,0.18240000307559967,0.1941000074148178,0.08609999716281891,0.12200000137090683,0.8443999886512756,0.03519999980926514,0.21170000731945038,0.18129999935626984,0.11840000003576279,0.09880000352859497,0.125,0.932200014591217,0.04859999939799309,0.20829999446868896
YOR136W,Mitochondrion,Mitochondrial transit peptide,Soluble,0.21979999542236328,0.1492999941110611,0.013899999670684338,0.02850000001490116,0.9311000108718872,0.008100000210106373,0.01979999989271164,0.05660000070929527,0.029600000008940697,0.012799999676644802,0.49779999256134033,0.08799999952316284,0.09210000187158585,0.7494000196456909
YOR142W,Mitochondrion,Mitochondrial transit peptide,Peripheral|Soluble,0.2117999941110611,0.08560000360012054,0.02759999968111515,0.03189999982714653,0.9660999774932861,0.0017999999690800905,0.039500001817941666,0.04360000044107437,0.02019999921321869,0.00419999985024333,0.63919997215271,0.07959999889135361,0.03929999843239784,0.729200005531311
YOR143C,Cytoplasm,,Soluble,0.7483999729156494,0.39800000190734863,0.0406000018119812,0.13910000026226044,0.21649999916553497,0.010200000368058681,0.17010000348091125,0.18729999661445618,0.3028999865055084,0.02930000051856041,0.3240000009536743,0.2809999883174896,0.049800001084804535,0.6334999799728394
YOR149C,Endoplasmic reticulum,Signal peptide|Transmembrane domain,Transmembrane,0.09769999980926514,0.1859000027179718,0.033799998462200165,0.2134999930858612,0.20010000467300415,0.00800000037997961,0.9340999722480774,0.2029000073671341,0.6176999807357788,0.010999999940395355,0.23510000109672546,0.9435999989509583,0.04170000180602074,0.16329999268054962
YOR155C,Cytoplasm|Nucleus,Nuclear export signal,Soluble,0.70660001039505,0.6126999855041504,0.023900000378489494,0.08049999922513962,0.2599000036716461,0.007899999618530273,0.17810000479221344,0.17309999465942383,0.2615000009536743,0.031300000846385956,0.48669999837875366,0.1776999980211258,0.06120000034570694,0.682200014591217
YOR161C,Cell membrane|Lysosome/Vacuole,Signal peptide|Transmembrane domain,Transmembrane,0.1695999950170517,0.12070000171661377,0.11190000176429749,0.6107000112533569,0.12359999865293503,0.004399999976158142,0.593500018119812,0.8291000127792358,0.6031000018119812,0.01360000018030405,0.052000001072883606,0.9789000153541565,0.09239999949932098,0.12389999628067017
YOR163W,Cytoplasm|Nucleus,Nuclear localization signal,Soluble,0.73089998960495,0.7336000204086304,0.05270000174641609,0.09179999679327011,0.29170000553131104,0.007499999832361937,0.08569999784231186,0.039000000804662704,0.0494999997317791,0.051100000739097595,0.21299999952316284,0.0617000013589859,0.04650000110268593,0.8568999767303467
YOR168W,Cytoplasm,Nuclear localization signal,Soluble,0.7415000200271606,0.4584999978542328,0.008299999870359898,0.07970000058412552,0.22759999334812164,0.004699999932199717,0.1550000011920929,0.05860000103712082,0.08529999852180481,0.006099999882280827,0.226500004529953,0.07400000095367432,0.0575999990105629,0.8421000242233276
YOR171C,Cytoplasm,Peroxisomal targeting signal,Peripheral|Soluble,0.6305000185966492,0.23649999499320984,0.042500000447034836,0.4124000072479248,0.30239999294281006,0.039799999445676804,0.46950000524520874,0.5443999767303467,0.5450999736785889,0.121799997985363,0.7652000188827515,0.1014999970793724,0.2711000144481659,0.6061000227928162
YOR175C,Endoplasmic reticulum,Transmembrane domain,Transmembrane,0.1868000030517578,0.08550000190734863,0.021800000220537186,0.2605000138282776,0.15530000627040863,0.0364999994635582,0.829800009727478,0.06849999725818634,0.13169999420642853,0.014800000004470348,0.13439999520778656,0.9733999967575073,0.017899999395012856,0.12030000239610672
YOR176W,Mitochondrion,Mitochondrial transit peptide,Peripheral|Soluble,0.2101999968290329,0.10949999839067459,0.025699999183416367,0.03959999978542328,0.9455000162124634,0.010200000368058681,0.0568000003695488,0.04399999976158142,0.035599999129772186,0.009999999776482582,0.7063999772071838,0.08429999649524689,0.19009999930858612,0.6101999878883362
YOR180C,Peroxisome,Peroxisomal targeting signal,Soluble,0.3231000006198883,0.2687999904155731,0.005400000140070915,0.014399999752640724,0.3343000113964081,0.0071000000461936,0.1818999946117401,0.026799999177455902,0.027699999511241913,0.9836999773979187,0.498199999332428,0.13050000369548798,0.06620000302791595,0.5925999879837036
YOR184W,Cytoplasm,Nuclear localization signal,Soluble,0.8450000286102295,0.37450000643730164,0.04360000044107437,0.1307000070810318,0.36579999327659607,0.008200000040233135,0.10570000112056732,0.09080000221729279,0.09019999951124191,0.00279999990016222,0.323199987411499,0.09849999845027924,0.038100000470876694,0.8037999868392944
YOR190W,Extracellular,Signal peptide,Soluble,0.19949999451637268,0.0478999987244606,0.8241999745368958,0.09480000287294388,0.11140000075101852,0.00989999994635582,0.46230000257492065,0.3528999984264374,0.30059999227523804,0.004100000020116568,0.36959999799728394,0.050999999046325684,0.08410000056028366,0.7996000051498413
YOR192C,Cell membrane,Transmembrane domain,Transmembrane,0.22089999914169312,0.060100000351667404,0.06340000033378601,0.6173999905586243,0.18619999289512634,0.004000000189989805,0.40529999136924744,0.42890000343322754,0.33719998598098755,0.009399999864399433,0.03420000150799751,0.9749000072479248,0.05350000038743019,0.1316000074148178
YOR202W,Cytoplasm|Nucleus,Nuclear export signal,Soluble,0.5924000144004822,0.6502000093460083,0.017799999564886093,0.07029999792575836,0.42590001225471497,0.03400000184774399,0.2578999996185303,0.2565000057220459,0.21610000729560852,0.43849998712539673,0.4083999991416931,0.12770000100135803,0.13770000636577606,0.6692000031471252
YOR209C,Cytoplasm|Nucleus,Nuclear localization signal,Soluble,0.7573999762535095,0.53329998254776,0.062199998646974564,0.1265999972820282,0.2273000031709671,0.017500000074505806,0.09179999679327011,0.1437000036239624,0.0997999981045723,0.014600000344216824,0.4593999981880188,0.05649999901652336,0.07069999724626541,0.8327000141143799
YOR221C,Cytoplasm,Nuclear export signal,Soluble,0.7208999991416931,0.476500004529953,0.022299999371170998,0.06499999761581421,0.515500009059906,0.006599999964237213,0.20730000734329224,0.15809999406337738,0.19699999690055847,0.029500000178813934,0.3831999897956848,0.16990000009536743,0.09610000252723694,0.7491000294685364
YOR222W,Mitochondrion,Transmembrane domain|Mitochondrial transit peptide,Transmembrane,0.13580000400543213,0.13779999315738678,0.06440000236034393,0.16120000183582306,0.9000999927520752,0.03959999978542328,0.11620000004768372,0.2802000045776367,0.2816999852657318,0.10599999874830246,0.20720000565052032,0.9089000225067139,0.04280000180006027,0.14399999380111694
YOR236W,Cytoplasm|Nucleus,,Soluble,0.5548999905586243,0.5275999903678894,0.0738999992609024,0.05490000173449516,0.515999972820282,0.02810000069439411,0.21819999814033508,0.09769999980926514,0.06560000032186508,0.020500000566244125,0.3467000126838684,0.1281999945640564,0.05009999871253967,0.8203999996185303
YOR241W,Cytoplasm,Mitochondrial transit peptide,Soluble,0.4099000096321106,0.22179999947547913,0.09719999879598618,0.14659999310970306,0.5278000235557556,0.08309999853372574,0.3379000127315521,0.1784999966621399,0.22139999270439148,0.08410000056028366,0.38019999861717224,0.18240000307559967,0.07370000332593918,0.7276999950408936
YOR245C,Endoplasmic reticulum,Transmembrane domain,Transmembrane,0.17910000681877136,0.1469999998807907,0.030300000682473183,0.11289999634027481,0.2515000104904175,0.03720000013709068,0.8623999953269958,0.11420000344514847,0.21209999918937683,0.016300000250339508,0.41589999198913574,0.808899998664856,0.25589999556541443,0.2451999932527542
YOR251C,Cytoplasm|Mitochondrion,,Soluble,0.7197999954223633,0.3723999857902527,0.017400000244379044,0.03009999915957451,0.733299970626831,0.015200000256299973,0.1988999992609024,0.10209999978542328,0.065700002014637,0.04690000042319298,0.5843999981880188,0.09149999916553497,0.02969999983906746,0.6676999926567078
YOR253W,Cytoplasm|Nucleus,Nuclear localization signal|Nuclear export signal,Soluble,0.6148999929428101,0.8479999899864197,0.032499998807907104,0.05270000174641609,0.22059999406337738,0.00419999985024333,0.10930000245571136,0.0722000002861023,0.065700002014637,0.008299999870359898,0.2062000036239624,0.1120000034570694,0.05249999836087227,0.7404000163078308
YOR270C,Endoplasmic reticulum|Lysosome/Vacuole,Transmembrane domain,Transmembrane,0.2669999897480011,0.04740000143647194,0.017400000244379044,0.42489999532699585,0.1615000069141388,0.01679999940097332,0.6923999786376953,0.6668999791145325,0.3813000023365021,0.009999999776482582,0.29490000009536743,0.9383999705314636,0.021199999377131462,0.10440000146627426
YOR273C,Cell membrane,Signal peptide|Transmembrane domain,Transmembrane,0.19499999284744263,0.10459999740123749,0.060100000351667404,0.6259999871253967,0.188400000333786,0.01679999940097332,0.5329999923706055,0.41679999232292175,0.4503999948501587,0.041600000113248825,0.08259999752044678,0.9282000064849854,0.053700000047683716,0.22390000522136688
YOR278W,Cytoplasm|Nucleus,Nuclear localization signal,Soluble,0.6226999759674072,0.6470000147819519,0.012199999764561653,0.06759999692440033,0.5112000107765198,0.0034000000450760126,0.14030000567436218,0.07699999958276749,0.08780000358819962,0.08370000123977661,0.29760000109672546,0.22779999673366547,0.01489999983459711,0.6916999816894531
YOR283W,Cytoplasm,,Soluble,0.8098999857902527,0.49410000443458557,0.1274999976158142,0.13819999992847443,0.39500001072883606,0.49970000982284546,0.05869999900460243,0.09229999780654907,0.07940000295639038,0.17829999327659607,0.4205000102519989,0.10029999911785126,0.0794999971985817,0.8051000237464905
YOR285W,Cytoplasm|Mitochondrion,Mitochondrial transit peptide|Peroxisomal targeting signal,Peripheral|Soluble,0.49399998784065247,0.1817999929189682,0.15029999613761902,0.12759999930858612,0.885699987411499,0.1168999969959259,0.20730000734329224,0.2824000120162964,0.16130000352859497,0.3546000123023987,0.7784000039100647,0.041099999099969864,0.07840000092983246,0.6538000106811523
YOR286W,Mitochondrion,Mitochondrial transit peptide,Peripheral|Soluble,0.15080000460147858,0.07349999994039536,0.03959999978542328,0.026100000366568565,0.9670000076293945,0.00139999995008111,0.042399998754262924,0.020800000056624413,0.02889999933540821,0.002400000113993883,0.7129999995231628,0.035599999129772186,0.029899999499320984,0.7143999934196472
YOR303W,Cytoplasm,Nuclear export signal|Peroxisomal targeting signal,Soluble,0.6664000153541565,0.475600004196167,0.049300000071525574,0.12020000070333481,0.3806000053882599,0.06040000170469284,0.14509999752044678,0.29420000314712524,0.23100000619888306,0.3034000098705292,0.4408000111579895,0.049300000071525574,0.11100000143051147,0.8529000282287598
YOR306C,Lysosome/Vacuole,,Transmembrane,0.18649999797344208,0.07720000296831131,0.0575999990105629,0.48240000009536743,0.10209999978542328,0.01810000091791153,0.44279998540878296,0.6122000217437744,0.6474999785423279,0.07490000128746033,0.093299999833107,0.9509999752044678,0.10920000076293945,0.11159999668598175
YOR311C,Endoplasmic reticulum,Signal peptide|Transmembrane domain,Transmembrane,0.07779999822378159,0.13979999721050262,0.03830000013113022,0.2888000011444092,0.1257999986410141,0.044199999421834946,0.9348000288009644,0.36070001125335693,0.4950000047683716,0.010999999940395355,0.11159999668598175,0.9617999792098999,0.015399999916553497,0.1340000033378601
YOR316C,Lysosome/Vacuole|Golgi apparatus,Transmembrane domain,Transmembrane,0.13689999282360077,0.25130000710487366,0.008200000040233135,0.25929999351501465,0.1152999997138977,0.007199999876320362,0.5205000042915344,0.7864000201225281,0.7488999962806702,0.10939999669790268,0.12049999833106995,0.8871999979019165,0.1152999997138977,0.1914999932050705
YOR317W,Cytoplasm,,Soluble,0.5480999946594238,0.2320999950170517,0.05139999836683273,0.4323999881744385,0.3880000114440918,0.03139999881386757,0.3910999894142151,0.17149999737739563,0.2168000042438507,0.030400000512599945,0.5565999746322632,0.18250000476837158,0.13680000603199005,0.6327000260353088
YOR321W,Endoplasmic reticulum,Signal peptide|Transmembrane domain,Transmembrane,0.12039999663829803,0.10509999841451645,0.021800000220537186,0.18559999763965607,0.11739999800920486,0.006300000008195639,0.8730999827384949,0.21619999408721924,0.5163999795913696,0.003100000089034438,0.10660000145435333,0.9575999975204468,0.05420000106096268,0.17800000309944153
YOR323C,Cytoplasm|Nucleus,Nuclear localization signal,Soluble,0.7699999809265137,0.6449000239372253,0.027699999511241913,0.0568000003695488,0.1518000066280365,0.0640999972820282,0.1143999993801117,0.0568000003695488,0.061900001019239426,0.0430000014603138,0.4966999888420105,0.06610000133514404,0.15530000627040863,0.7120000123977661
YOR332W,Cytoplasm,Nuclear export signal,Peripheral,0.5924000144004822,0.39399999380111694,0.015799999237060547,0.0957999974489212,0.2906000018119812,0.051500000059604645,0.21559999883174896,0.4505999982357025,0.24150000512599945,0.019999999552965164,0.8111000061035156,0.026599999517202377,0.23919999599456787,0.48649999499320984
YOR334W,Mitochondrion,Mitochondrial transit peptide,Transmembrane,0.163100004196167,0.08449999988079071,0.01549999974668026,0.048700001090765,0.8601999878883362,0.05220000073313713,0.11320000141859055,0.17030000686645508,0.0957999974489212,0.04610000178217888,0.17059999704360962,0.9854999780654907,0.08950000256299973,0.061400000005960464
YOR335C,Mitochondrion,Mitochondrial transit peptide,Soluble,0.29670000076293945,0.2678000032901764,0.014399999752640724,0.049400001764297485,0.7843999862670898,0.019099999219179153,0.09790000319480896,0.0737999975681305,0.04639999940991402,0.013899999670684338,0.41999998688697815,0.09799999743700027,0.07050000131130219,0.7980999946594238
YOR347C,Cytoplasm,Nuclear localization signal|Nuclear export signal,Soluble,0.7322999835014343,0.5009999871253967,0.015799999237060547,0.14509999752044678,0.19499999284744263,0.013799999840557575,0.061000000685453415,0.17339999973773956,0.05429999902844429,0.016499999910593033,0.388700008392334,0.04500000178813934,0.11789999902248383,0.8371000289916992
YOR348C,Cell membrane|Lysosome/Vacuole,Transmembrane domain,Transmembrane,0.18559999763965607,0.055399999022483826,0.013299999758601189,0.6334999799728394,0.1354999989271164,0.006500000134110451,0.5199999809265137,0.675599992275238,0.604200005531311,0.017899999395012856,0.04230000078678131,0.9660000205039978,0.13410000503063202,0.14560000598430634
YOR360C,Cytoplasm|Nucleus,Nuclear export signal,Soluble,0.6420000195503235,0.5354999899864197,0.014999999664723873,0.22789999842643738,0.23909999430179596,0.006399999838322401,0.2223999947309494,0.23510000109672546,0.44190001487731934,0.16179999709129333,0.5080000162124634,0.16609999537467957,0.1200999990105629,0.6797000169754028
YOR374W,Mitochondrion,Mitochondrial transit peptide,Soluble,0.31459999084472656,0.13699999451637268,0.032499998807907104,0.025200000032782555,0.9323999881744385,0.006399999838322401,0.09950000047683716,0.09669999778270721,0.04670000076293945,0.00419999985024333,0.45410001277923584,0.12240000069141388,0.0723000019788742,0.7407000064849854
YOR375C,Cytoplasm,,Soluble,0.6794999837875366,0.43689998984336853,0.07729999721050262,0.06800000369548798,0.5630000233650208,0.05689999833703041,0.17970000207424164,0.16899999976158142,0.16920000314712524,0.08290000259876251,0.49810001254081726,0.10490000247955322,0.08649999648332596,0.6875
YOR377W,Cytoplasm|Endoplasmic reticulum,,Peripheral|Soluble,0.5260000228881836,0.3416000008583069,0.06989999860525131,0.15929999947547913,0.36489999294281006,0.045099999755620956,0.8144000172615051,0.2721000015735626,0.5537999868392944,0.004100000020116568,0.7882999777793884,0.2515000104904175,0.13369999825954437,0.5249999761581421
YOR381W,Cell membrane|Lysosome/Vacuole,Signal peptide|Transmembrane domain,Transmembrane,0.09390000253915787,0.019999999552965164,0.042399998754262924,0.7010999917984009,0.035599999129772186,0.0284000001847744,0.40790000557899475,0.7613999843597412,0.48820000886917114,0.010499999858438969,0.06809999793767929,0.9818999767303467,0.05869999900460243,0.10819999873638153
YOR384W,Cell membrane|Lysosome/Vacuole,Signal peptide|Transmembrane domain,Transmembrane,0.10100000351667404,0.01979999989271164,0.051500000059604645,0.645799994468689,0.035100001841783524,0.021199999377131462,0.5024999976158142,0.6836000084877014,0.4569000005722046,0.014000000432133675,0.0706000030040741,0.9864000082015991,0.05040000006556511,0.09669999778270721
YOR388C,Cytoplasm,Nuclear localization signal,Soluble,0.8456000089645386,0.4564000070095062,0.0658000037074089,0.10180000215768814,0.31610000133514404,0.04969999939203262,0.17880000174045563,0.11010000109672546,0.17509999871253967,0.011800000444054604,0.5432000160217285,0.061400000005960464,0.09179999679327011,0.76910001039505
YOR391C,Cytoplasm,Nuclear localization signal|Nuclear export signal,Soluble,0.8119999766349792,0.45669999718666077,0.12160000205039978,0.2433999925851822,0.3012000024318695,0.1339000016450882,0.20839999616146088,0.20059999823570251,0.2425999939441681,0.2581000030040741,0.538100004196167,0.13179999589920044,0.08110000193119049,0.7512999773025513
YOR393W,Cytoplasm,Peroxisomal targeting signal,Soluble,0.8393999934196472,0.4677000045776367,0.04639999940991402,0.06279999762773514,0.14329999685287476,0.00930000003427267,0.11590000241994858,0.12839999794960022,0.1688999980688095,0.3513000011444092,0.35580000281333923,0.07280000299215317,0.10819999873638153,0.7563999891281128
YPL015C,Cytoplasm,Nuclear export signal,Soluble,0.8116999864578247,0.38600000739097595,0.0210999995470047,0.055799998342990875,0.4066999852657318,0.00860000029206276,0.181099995970726,0.15569999814033508,0.12520000338554382,0.04149999842047691,0.3395000100135803,0.040800001472234726,0.1264999955892563,0.8033999800682068
YPL023C,Cytoplasm,Peroxisomal targeting signal,Soluble,0.7954000234603882,0.23680000007152557,0.04780000075697899,0.08990000188350677,0.2831999957561493,0.007799999788403511,0.0997999981045723,0.3718000054359436,0.17520000040531158,0.11559999734163284,0.40130001306533813,0.07739999890327454,0.08839999884366989,0.776199996471405
YPL028W,Cytoplasm,,Soluble,0.7509999871253967,0.3824000060558319,0.030500000342726707,0.0502999983727932,0.6186000108718872,0.06129999831318855,0.10909999907016754,0.11100000143051147,0.08420000225305557,0.0478999987244606,0.3628000020980835,0.1256999969482422,0.07909999787807465,0.7766000032424927
YPL036W,Cell membrane|Lysosome/Vacuole,Transmembrane domain,Transmembrane,0.22840000689029694,0.1023000031709671,0.016899999231100082,0.6556000113487244,0.08510000258684158,0.013399999588727951,0.5052000284194946,0.6452000141143799,0.5519999861717224,0.00800000037997961,0.07810000330209732,0.9778000116348267,0.13529999554157257,0.09679999947547913
YPL040C,Mitochondrion,Mitochondrial transit peptide,Soluble,0.23229999840259552,0.15369999408721924,0.010700000450015068,0.0502999983727932,0.8808000087738037,0.0035000001080334187,0.10740000009536743,0.06520000100135803,0.0794999971985817,0.007000000216066837,0.5060999989509583,0.2078000009059906,0.027300000190734863,0.6699000000953674
YPL053C,Golgi apparatus,Signal peptide|Transmembrane domain,Transmembrane,0.10980000346899033,0.10249999910593033,0.44359999895095825,0.046799998730421066,0.09189999848604202,0.0034000000450760126,0.5059000253677368,0.3935000002384186,0.9509000182151794,0.013500000350177288,0.35190001130104065,0.7897999882698059,0.16689999401569366,0.14339999854564667
YPL057C,Endoplasmic reticulum|Golgi apparatus,Signal peptide|Transmembrane domain,Transmembrane,0.2410999983549118,0.11389999836683273,0.19539999961853027,0.2540000081062317,0.07590000331401825,0.054999999701976776,0.8046000003814697,0.5180000066757202,0.7871999740600586,0.014999999664723873,0.2092999964952469,0.9711999893188477,0.34610000252723694,0.0868000015616417
YPL059W,Mitochondrion,Mitochondrial transit peptide,Peripheral|Soluble,0.17249999940395355,0.07750000059604645,0.04479999840259552,0.042899999767541885,0.9052000045776367,0.004900000058114529,0.015699999406933784,0.03220000118017197,0.027799999341368675,0.006200000178068876,0.8240000009536743,0.03370000049471855,0.09520000219345093,0.5931000113487244
YPL060W,Mitochondrion,Mitochondrial transit peptide,Transmembrane,0.17499999701976776,0.0763000026345253,0.0203000009059906,0.07339999824762344,0.8610000014305115,0.046799998730421066,0.15729999542236328,0.24819999933242798,0.1678999960422516,0.020899999886751175,0.14630000293254852,0.9869999885559082,0.09929999709129333,0.06379999965429306
YPL061W,Cytoplasm,Nuclear localization signal,Soluble,0.8525000214576721,0.4569999873638153,0.060499999672174454,0.07050000131130219,0.16500000655651093,0.02979999966919422,0.052799999713897705,0.07919999957084656,0.04969999939203262,0.11289999634027481,0.364300012588501,0.13339999318122864,0.055399999022483826,0.7924000024795532
YPL069C,Cytoplasm|Nucleus,Peroxisomal targeting signal,Soluble,0.6743000149726868,0.6496000289916992,0.05119999870657921,0.059300001710653305,0.1923999935388565,0.002899999963119626,0.23899999260902405,0.3594000041484833,0.1451999992132187,0.24539999663829803,0.3756999969482422,0.14650000631809235,0.0674000009894371,0.7373999953269958
YPL076W,Endoplasmic reticulum,Transmembrane domain,Transmembrane,0.23019999265670776,0.32690000534057617,0.011900000274181366,0.14429999887943268,0.13850000500679016,0.0142000000923872,0.8102999925613403,0.24699999392032623,0.48660001158714294,0.11949999630451202,0.21119999885559082,0.9836999773979187,0.08070000261068344,0.061900001019239426
YPL078C,Mitochondrion,Mitochondrial transit peptide,Transmembrane,0.11429999768733978,0.06589999794960022,0.025299999862909317,0.04190000146627426,0.9621000289916992,0.0478999987244606,0.0843999981880188,0.08070000261068344,0.1316000074148178,0.02019999921321869,0.24959999322891235,0.9700999855995178,0.15800000727176666,0.10589999705553055
YPL087W,Endoplasmic reticulum|Lysosome/Vacuole,Transmembrane domain,Transmembrane,0.14010000228881836,0.14659999310970306,0.014600000344216824,0.18050000071525574,0.13030000030994415,0.010300000198185444,0.871399998664856,0.6007999777793884,0.5698000192642212,0.002300000051036477,0.08290000259876251,0.9811999797821045,0.027899999171495438,0.1356000006198883
YPL088W,Cytoplasm,Nuclear localization signal,Soluble,0.8061000108718872,0.42100000381469727,0.0406000018119812,0.054099999368190765,0.30809998512268066,0.05469999834895134,0.2522999942302704,0.09790000319480896,0.09319999814033508,0.027799999341368675,0.3346000015735626,0.057999998331069946,0.0794999971985817,0.8797000050544739
YPL091W,Mitochondrion,Mitochondrial transit peptide,Soluble,0.31049999594688416,0.15279999375343323,0.03440000116825104,0.03519999980926514,0.949400007724762,0.007699999958276749,0.048700001090765,0.034299999475479126,0.01899999938905239,0.00839999970048666,0.45840001106262207,0.14390000700950623,0.0843999981880188,0.7361000180244446
YPL092W,Cell membrane|Golgi apparatus,Transmembrane domain,Transmembrane,0.19599999487400055,0.06620000302791595,0.020600000396370888,0.6165000200271606,0.12780000269412994,0.002899999963119626,0.3991999924182892,0.5422000288963318,0.6507999897003174,0.0038999998942017555,0.053599998354911804,0.9800999760627747,0.04320000112056732,0.13850000500679016
YPL095C,Mitochondrion,Mitochondrial transit peptide,Peripheral,0.2538999915122986,0.19539999961853027,0.07410000264644623,0.3646000027656555,0.7871000170707703,0.047200001776218414,0.5882999897003174,0.4108999967575073,0.2549000084400177,0.0272000003606081,0.7378000020980835,0.19189999997615814,0.18930000066757202,0.49380001425743103
YPL096C-A,Endoplasmic reticulum,Signal peptide|Transmembrane domain,Transmembrane,0.18520000576972961,0.20229999721050262,0.07680000364780426,0.155799999833107,0.20919999480247498,0.008700000122189522,0.741100013256073,0.5460000038146973,0.5076000094413757,0.004999999888241291,0.06040000170469284,0.9664999842643738,0.10429999977350235,0.17270000278949738
YPL097W,Mitochondrion,Mitochondrial transit peptide,Soluble,0.20309999585151672,0.09350000321865082,0.01119999960064888,0.04919999837875366,0.9510999917984009,0.007300000172108412,0.06909999996423721,0.05829999968409538,0.0722000002861023,0.04500000178813934,0.4796000123023987,0.11509999632835388,0.06159999966621399,0.7269999980926514
YPL104W,Mitochondrion,Mitochondrial transit peptide,Soluble,0.1770000010728836,0.1534000039100647,0.01119999960064888,0.03550000116229057,0.8953999876976013,0.002899999963119626,0.05009999871253967,0.025800000876188278,0.019200000911951065,0.009700000286102295,0.5767999887466431,0.09200000017881393,0.038100000470876694,0.7437999844551086
YPL110C,Cytoplasm|Lysosome/Vacuole,,Soluble,0.6420000195503235,0.3402999937534332,0.06909999996423721,0.17739999294281006,0.11159999668598175,0.005400000140070915,0.16220000386238098,0.6574000120162964,0.3677999973297119,0.02410000003874302,0.4316999912261963,0.14069999754428864,0.10189999639987946,0.6876000165939331
YPL111W,Cytoplasm|Nucleus,Nuclear localization signal,Soluble,0.7900999784469604,0.5663999915122986,0.04690000042319298,0.08540000021457672,0.21369999647140503,0.028699999675154686,0.23170000314712524,0.1242000013589859,0.10750000178813934,0.03759999945759773,0.41929998993873596,0.03500000014901161,0.07980000227689743,0.8707000017166138
YPL117C,Cytoplasm,Peroxisomal targeting signal,Soluble,0.753600001335144,0.4717999994754791,0.03909999877214432,0.03579999879002571,0.2624000012874603,0.011500000022351742,0.12540000677108765,0.17030000686645508,0.19140000641345978,0.555899977684021,0.3889000117778778,0.07209999859333038,0.06930000334978104,0.7633000016212463
YPL120W,Cytoplasm,,Peripheral,0.49050000309944153,0.2930000126361847,0.030700000002980232,0.08049999922513962,0.18459999561309814,0.003700000001117587,0.298799991607666,0.5453000068664551,0.4189999997615814,0.03020000085234642,0.7680000066757202,0.1673000007867813,0.21359999477863312,0.4000000059604645
YPL132W,Mitochondrion,Mitochondrial transit peptide,Transmembrane,0.0957999974489212,0.046799998730421066,0.018699999898672104,0.05739999935030937,0.944100022315979,0.00989999994635582,0.1655000001192093,0.034299999475479126,0.1347000002861023,0.04320000112056732,0.32519999146461487,0.8328999876976013,0.040699999779462814,0.24079999327659607
YPL134C,Mitochondrion,,Transmembrane,0.15199999511241913,0.1273999959230423,0.07729999721050262,0.13289999961853027,0.8794000148773193,0.05730000138282776,0.10859999805688858,0.2784000039100647,0.23579999804496765,0.1046999990940094,0.23659999668598175,0.9035000205039978,0.027699999511241913,0.17100000381469727
YPL147W,Peroxisome,Peroxisomal targeting signal,Transmembrane,0.1014999970793724,0.17260000109672546,0.038600001484155655,0.09880000352859497,0.614799976348877,0.04490000009536743,0.5349000096321106,0.19200000166893005,0.15489999949932098,0.7407000064849854,0.34360000491142273,0.9871000051498413,0.03610000014305115,0.06989999860525131
YPL148C,Mitochondrion,Mitochondrial transit peptide,Soluble,0.2766999900341034,0.14159999787807465,0.010499999858438969,0.034699998795986176,0.9462000131607056,0.006099999882280827,0.0044999998062849045,0.02630000002682209,0.006500000134110451,0.16279999911785126,0.26409998536109924,0.15800000727176666,0.01979999989271164,0.7922999858856201
YPL160W,Cytoplasm|Nucleus,Nuclear localization signal,Soluble,0.7717000246047974,0.521399974822998,0.030400000512599945,0.05889999866485596,0.23569999635219574,0.01119999960064888,0.11469999700784683,0.026399999856948853,0.0722000002861023,0.0007999999797903001,0.26739999651908875,0.12150000035762787,0.03970000147819519,0.8227999806404114
YPL172C,Mitochondrion,Mitochondrial transit peptide,Transmembrane,0.13120000064373016,0.09570000320672989,0.010999999940395355,0.0723000019788742,0.9599999785423279,0.015599999576807022,0.13500000536441803,0.05050000175833702,0.15119999647140503,0.010300000198185444,0.28130000829696655,0.9524999856948853,0.023099999874830246,0.1185000017285347
YPL175W,Endoplasmic reticulum,Transmembrane domain,Transmembrane,0.34940001368522644,0.22360000014305115,0.02370000071823597,0.2563999891281128,0.28679999709129333,0.07900000363588333,0.8277999758720398,0.4169999957084656,0.6035000085830688,0.030500000342726707,0.5995000004768372,0.6452999711036682,0.43059998750686646,0.2655999958515167
YPL188W,Mitochondrion,Mitochondrial transit peptide,Peripheral|Soluble,0.2363000065088272,0.13130000233650208,0.011500000022351742,0.03240000084042549,0.9223999977111816,0.012900000438094139,0.05609999969601631,0.054999999701976776,0.058800000697374344,0.010300000198185444,0.691100001335144,0.07930000126361847,0.05570000037550926,0.5557000041007996
YPL189W,Endoplasmic reticulum,Signal peptide|Transmembrane domain,Transmembrane,0.1298000067472458,0.06379999965429306,0.015399999916553497,0.32850000262260437,0.1387999951839447,0.08049999922513962,0.8361999988555908,0.1476999968290329,0.2168000042438507,0.02889999933540821,0.07999999821186066,0.9890000224113464,0.030799999833106995,0.09160000085830688
YPL206C,Endoplasmic reticulum|Golgi apparatus,,Transmembrane,0.39469999074935913,0.29919999837875366,0.06729999929666519,0.22210000455379486,0.505299985408783,0.03889999911189079,0.7925999760627747,0.45410001277923584,0.6919000148773193,0.047200001776218414,0.5656999945640564,0.7652999758720398,0.14429999887943268,0.19179999828338623
YPL212C,Cytoplasm|Nucleus,Nuclear localization signal,Soluble,0.48399999737739563,0.6575000286102295,0.052299998700618744,0.03680000081658363,0.28859999775886536,0.007499999832361937,0.10010000318288803,0.032999999821186066,0.04610000178217888,0.007699999958276749,0.2013999968767166,0.10899999737739563,0.04490000009536743,0.8076000213623047
YPL214C,Cytoplasm|Nucleus,Nuclear export signal,Soluble,0.7976999878883362,0.6074000000953674,0.0284000001847744,0.051500000059604645,0.23190000653266907,0.014499999582767487,0.30799999833106995,0.22220000624656677,0.27959999442100525,0.09149999916553497,0.40389999747276306,0.11339999735355377,0.05820000171661377,0.7416999936103821
YPL227C,Endoplasmic reticulum,Signal peptide|Transmembrane domain,Transmembrane,0.23080000281333923,0.2110999971628189,0.053300000727176666,0.19300000369548798,0.1882999986410141,0.011699999682605267,0.8709999918937683,0.43059998750686646,0.5652999877929688,0.013399999588727951,0.4754999876022339,0.8776999711990356,0.2939000129699707,0.1421000063419342
YPL231W,Cytoplasm,,Peripheral|Soluble,0.6353999972343445,0.13979999721050262,0.11959999799728394,0.11050000041723251,0.4749000072479248,0.020999999716877937,0.10559999942779541,0.19750000536441803,0.24230000376701355,0.11500000208616257,0.722000002861023,0.04560000076889992,0.11289999634027481,0.751800000667572
YPL234C,Cytoplasm,,Transmembrane,0.39239999651908875,0.10400000214576721,0.039500001817941666,0.40290001034736633,0.15279999375343323,0.03240000084042549,0.2492000013589859,0.4052000045776367,0.2831999957561493,0.12700000405311584,0.04740000143647194,0.9024999737739563,0.06639999896287918,0.23659999668598175
YPL244C,Endoplasmic reticulum|Golgi apparatus,Transmembrane domain,Transmembrane,0.10790000110864639,0.09200000017881393,0.05689999833703041,0.19750000536441803,0.2257000058889389,0.034699998795986176,0.7235000133514404,0.35420000553131104,0.7684000134468079,0.021199999377131462,0.17000000178813934,0.9283999800682068,0.03370000049471855,0.11100000143051147
YPL252C,Mitochondrion,Mitochondrial transit peptide,Peripheral|Soluble,0.14730000495910645,0.06520000100135803,0.010099999606609344,0.025699999183416367,0.9222999811172485,0.006300000008195639,0.06769999861717224,0.0348999984562397,0.05000000074505806,0.01720000058412552,0.784500002861023,0.044599998742341995,0.0851999968290329,0.5309000015258789
YPL258C,Cytoplasm,Nuclear export signal,Soluble,0.8381999731063843,0.38109999895095825,0.018699999898672104,0.09969999641180038,0.3034999966621399,0.01860000006854534,0.11819999665021896,0.17800000309944153,0.243599995970726,0.08190000057220459,0.3418000042438507,0.1704999953508377,0.06589999794960022,0.736299991607666
YPL262W,Mitochondrion,Mitochondrial transit peptide,Soluble,0.36169999837875366,0.19040000438690186,0.0215000007301569,0.028599999845027924,0.8955000042915344,0.021199999377131462,0.03020000085234642,0.04919999837875366,0.03220000118017197,0.021199999377131462,0.46470001339912415,0.09709999710321426,0.08659999817609787,0.7562999725341797
YPL265W,Cell membrane|Lysosome/Vacuole,Transmembrane domain,Transmembrane,0.18860000371932983,0.05640000104904175,0.013399999588727951,0.5982000231742859,0.10480000078678131,0.005499999970197678,0.4690000116825104,0.708899974822998,0.6080999970436096,0.006599999964237213,0.04540000110864639,0.9750999808311462,0.0949999988079071,0.1143999993801117
YPL268W,Cytoplasm|Lysosome/Vacuole,,Peripheral|Soluble,0.6686999797821045,0.19830000400543213,0.04670000076293945,0.40630000829696655,0.18860000371932983,0.01860000006854534,0.2526000142097473,0.5960000157356262,0.3111000061035156,0.03240000084042549,0.7190999984741211,0.07150000333786011,0.14100000262260437,0.7509999871253967
YPL271W,Cytoplasm,,Soluble,0.6366000175476074,0.33739998936653137,0.27489998936653137,0.1177000030875206,0.3573000133037567,0.032499998807907104,0.1712000072002411,0.15850000083446503,0.2224999964237213,0.03880000114440918,0.22419999539852142,0.05050000175833702,0.12880000472068787,0.8787000179290771
YPL273W,Cytoplasm|Nucleus,Nuclear localization signal|Nuclear export signal,Soluble,0.8148000240325928,0.6100000143051147,0.03460000082850456,0.1281999945640564,0.28450000286102295,0.016599999740719795,0.10409999638795853,0.13619999587535858,0.12870000302791595,0.01940000057220459,0.3495999872684479,0.07720000296831131,0.06360000371932983,0.8395000100135803
YPL274W,Cell membrane|Endoplasmic reticulum,Transmembrane domain,Transmembrane,0.15839999914169312,0.057100001722574234,0.010900000110268593,0.6277999877929688,0.19859999418258667,0.004100000020116568,0.6237999796867371,0.5659000277519226,0.571399986743927,0.006099999882280827,0.04270000010728836,0.9663000106811523,0.1517000049352646,0.13570000231266022
YPL280W,Cytoplasm,Nuclear export signal,Soluble,0.810699999332428,0.4562000036239624,0.1160999983549118,0.2433999925851822,0.3070000112056732,0.13750000298023224,0.21160000562667847,0.19089999794960022,0.23649999499320984,0.2727000117301941,0.5364999771118164,0.1354999989271164,0.08049999922513962,0.7480000257492065
YPL281C,Cytoplasm,Peroxisomal targeting signal,Soluble,0.8393999934196472,0.4677000045776367,0.04639999940991402,0.06279999762773514,0.14329999685287476,0.00930000003427267,0.11590000241994858,0.12839999794960022,0.1688999980688095,0.3513000011444092,0.35580000281333923,0.07280000299215317,0.10819999873638153,0.7563999891281128
YPR001W,Mitochondrion,Peroxisomal targeting signal,Soluble,0.2599000036716461,0.15520000457763672,0.013700000010430813,0.02459999918937683,0.7914999723434448,0.016899999231100082,0.22030000388622284,0.10379999876022339,0.10660000145435333,0.5333999991416931,0.4875999987125397,0.1348000019788742,0.04690000042319298,0.6572999954223633
YPR002W,Mitochondrion,Mitochondrial transit peptide,Peripheral|Soluble,0.17159999907016754,0.09520000219345093,0.013500000350177288,0.06560000032186508,0.906499981880188,0.009499999694526196,0.02199999988079071,0.021800000220537186,0.0203000009059906,0.01720000058412552,0.6061000227928162,0.1673000007867813,0.0723000019788742,0.6632000207901001
YPR003C,Lysosome/Vacuole,Transmembrane domain,Transmembrane,0.19589999318122864,0.08990000188350677,0.022199999541044235,0.35089999437332153,0.14720000326633453,0.01119999960064888,0.5120000243186951,0.6851000189781189,0.46720001101493835,0.0478999987244606,0.26589998602867126,0.9365000128746033,0.06729999929666519,0.09650000184774399
YPR006C,Mitochondrion,Mitochondrial transit peptide,Peripheral|Soluble,0.4023999869823456,0.16449999809265137,0.01679999940097332,0.051600001752376556,0.7294999957084656,0.01679999940097332,0.030899999663233757,0.08889999985694885,0.04769999906420708,0.047200001776218414,0.6495000123977661,0.038600001484155655,0.33219999074935913,0.784600019454956
YPR011C,Mitochondrion,Mitochondrial transit peptide,Transmembrane,0.10689999908208847,0.164900004863739,0.06589999794960022,0.15330000221729279,0.9139000177383423,0.04830000177025795,0.17730000615119934,0.24570000171661377,0.17010000348091125,0.09220000356435776,0.12399999797344208,0.926800012588501,0.04610000178217888,0.164000004529953
YPR020W,Mitochondrion,Mitochondrial transit peptide,Transmembrane,0.13169999420642853,0.0869000032544136,0.02800000086426735,0.04399999976158142,0.9581999778747559,0.012000000104308128,0.07769999653100967,0.14480000734329224,0.04690000042319298,0.1348000019788742,0.2232999950647354,0.9829000234603882,0.010999999940395355,0.07500000298023224
YPR021C,Mitochondrion,,Transmembrane,0.16609999537467957,0.1454000025987625,0.027799999341368675,0.12860000133514404,0.7936999797821045,0.014600000344216824,0.19910000264644623,0.34940001368522644,0.28139999508857727,0.1136000007390976,0.46320000290870667,0.9251999855041504,0.051500000059604645,0.07580000162124634
YPR026W,Lysosome/Vacuole|Golgi apparatus,Signal peptide|Transmembrane domain,Transmembrane,0.3160000145435333,0.15860000252723694,0.2721000015735626,0.3073999881744385,0.04809999838471413,0.013799999840557575,0.5005999803543091,0.7384999990463257,0.8036999702453613,0.026000000536441803,0.3619999885559082,0.8636999726295471,0.07580000162124634,0.19779999554157257
YPR033C,Cytoplasm|Mitochondrion,,Soluble,0.5712000131607056,0.18050000071525574,0.06589999794960022,0.05050000175833702,0.6568999886512756,0.028200000524520874,0.1404000073671341,0.07540000230073929,0.13089999556541443,0.08420000225305557,0.4106999933719635,0.0835999995470047,0.0925000011920929,0.770799994468689
YPR035W,Cytoplasm,Nuclear localization signal,Soluble,0.8575999736785889,0.35179999470710754,0.049400001764297485,0.1615000069141388,0.2004999965429306,0.004000000189989805,0.1143999993801117,0.1826000064611435,0.11640000343322754,0.007600000128149986,0.33149999380111694,0.029899999499320984,0.3905999958515167,0.8356999754905701
YPR036W,Cytoplasm|Nucleus,Nuclear export signal,Peripheral|Soluble,0.6703000068664551,0.5085999965667725,0.01810000091791153,0.16110000014305115,0.11940000206232071,0.007000000216066837,0.42089998722076416,0.3400000035762787,0.33709999918937683,0.014800000004470348,0.6200000047683716,0.08060000091791153,0.057100001722574234,0.6308000087738037
YPR047W,Mitochondrion,Mitochondrial transit peptide,Soluble,0.2370000034570694,0.13770000636577606,0.03189999982714653,0.045499999076128006,0.9641000032424927,0.006899999920278788,0.06319999694824219,0.05490000173449516,0.05009999871253967,0.00800000037997961,0.3573000133037567,0.10140000283718109,0.049800001084804535,0.8319000005722046
YPR058W,Mitochondrion,Transmembrane domain|Mitochondrial transit peptide,Transmembrane,0.1420000046491623,0.08749999850988388,0.06909999996423721,0.16140000522136688,0.8780999779701233,0.043299999088048935,0.14869999885559082,0.22310000658035278,0.17339999973773956,0.11180000007152557,0.15039999783039093,0.8819000124931335,0.04600000008940697,0.2054000049829483
YPR060C,Cytoplasm,,Peripheral|Soluble,0.6340000033378601,0.3874000012874603,0.06109999865293503,0.0940999984741211,0.16599999368190765,0.033900000154972076,0.09619999676942825,0.20839999616146088,0.2815999984741211,0.09969999641180038,0.718999981880188,0.1371999979019165,0.06679999828338623,0.5584999918937683
YPR062W,Cytoplasm|Nucleus,Nuclear export signal,Soluble,0.8361999988555908,0.5982000231742859,0.03840000182390213,0.10769999772310257,0.28130000829696655,0.32109999656677246,0.15530000627040863,0.04010000079870224,0.17870000004768372,0.018400000408291817,0.4440000057220459,0.03229999914765358,0.05550000071525574,0.8511999845504761
YPR069C,Cytoplasm,,Soluble,0.6852999925613403,0.37630000710487366,0.033399999141693115,0.2029999941587448,0.1492999941110611,0.0421999990940094,0.16369999945163727,0.12960000336170197,0.258899986743927,0.06480000168085098,0.569100022315979,0.06459999829530716,0.21240000426769257,0.7297000288963318
YPR074C,Cytoplasm,Peroxisomal targeting signal,Soluble,0.7095999717712402,0.2863999903202057,0.041999999433755875,0.15209999680519104,0.3930000066757202,0.0997999981045723,0.34860000014305115,0.3197000026702881,0.2190999984741211,0.24779999256134033,0.34610000252723694,0.0989999994635582,0.07270000129938126,0.7879999876022339
YPR081C,Cytoplasm,Peroxisomal targeting signal,Soluble,0.7261000275611877,0.48969998955726624,0.05079999938607216,0.055799998342990875,0.09880000352859497,0.007400000002235174,0.3215000033378601,0.32839998602867126,0.14949999749660492,0.2045000046491623,0.3149000108242035,0.10559999942779541,0.12470000237226486,0.8190000057220459
YPR113W,Endoplasmic reticulum,,Transmembrane,0.09939999878406525,0.38960000872612,0.0340999998152256,0.1168999969959259,0.5108000040054321,0.024299999698996544,0.7937999963760376,0.22709999978542328,0.19220000505447388,0.016100000590085983,0.14110000431537628,0.9634000062942505,0.0142000000923872,0.14720000326633453
YPR118W,Cytoplasm|Nucleus,Nuclear export signal,Soluble,0.697700023651123,0.7364000082015991,0.03310000151395798,0.02969999983906746,0.23479999601840973,0.012799999676644802,0.2224999964237213,0.13369999825954437,0.10729999840259552,0.05119999870657921,0.3452000021934509,0.11649999767541885,0.040699999779462814,0.7379999756813049
YPR121W,Cytoplasm,Mitochondrial transit peptide,Soluble,0.6686000227928162,0.21860000491142273,0.08380000293254852,0.1761000007390976,0.3684000074863434,0.14659999310970306,0.28209999203681946,0.15209999680519104,0.2971000075340271,0.02419999986886978,0.3944999873638153,0.19589999318122864,0.0957999974489212,0.7450000047683716
YPR127W,Cytoplasm|Nucleus,Nuclear localization signal,Soluble,0.836899995803833,0.5503000020980835,0.0754999965429306,0.066600002348423,0.21660000085830688,0.019600000232458115,0.25619998574256897,0.08540000021457672,0.13410000503063202,0.008100000210106373,0.4693000018596649,0.03060000017285347,0.08860000222921371,0.8489999771118164
YPR128C,Mitochondrion,,Transmembrane,0.13930000364780426,0.10379999876022339,0.05490000173449516,0.1031000018119812,0.7854999899864197,0.08190000057220459,0.20239999890327454,0.16279999911785126,0.179299995303154,0.6534000039100647,0.19169999659061432,0.9304999709129333,0.041200000792741776,0.13619999587535858
YPR138C,Cell membrane,,Transmembrane,0.28760001063346863,0.060600001364946365,0.07150000333786011,0.6051999926567078,0.2206999957561493,0.02759999968111515,0.53329998254776,0.42309999465942383,0.23229999840259552,0.010499999858438969,0.030500000342726707,0.9595999717712402,0.12790000438690186,0.21209999918937683
YPR139C,Endoplasmic reticulum,,Transmembrane,0.3163999915122986,0.2849000096321106,0.02930000051856041,0.11819999665021896,0.3003999888896942,0.01209999993443489,0.7590000033378601,0.09600000083446503,0.24410000443458557,0.006099999882280827,0.3269999921321869,0.8497999906539917,0.13940000534057617,0.2240999937057495
YPR140W,Mitochondrion|Endoplasmic reticulum,,Peripheral,0.29019999504089355,0.22540000081062317,0.0348999984562397,0.07029999792575836,0.7721999883651733,0.16120000183582306,0.7287999987602234,0.15620000660419464,0.21320000290870667,0.01510000042617321,0.697700023651123,0.4830000102519989,0.07320000231266022,0.3151000142097473
YPR145W,Cytoplasm,,Soluble,0.8011000156402588,0.3285999894142151,0.041600000113248825,0.07970000058412552,0.2632000148296356,0.006099999882280827,0.14509999752044678,0.23250000178813934,0.22349999845027924,0.07769999653100967,0.445499986410141,0.1785999983549118,0.15680000185966492,0.7135000228881836
YPR156C,Cell membrane,Transmembrane domain,Transmembrane,0.2037000060081482,0.08389999717473984,0.028200000524520874,0.6416000127792358,0.1858000010251999,0.00839999970048666,0.5267999768257141,0.49970000982284546,0.551800012588501,0.009700000286102295,0.10450000315904617,0.9447000026702881,0.03849999979138374,0.17149999737739563
YPR159W,Cell membrane|Lysosome/Vacuole|Golgi apparatus,Signal peptide|Transmembrane domain,Transmembrane,0.2434999942779541,0.1454000025987625,0.08879999816417694,0.6754000186920166,0.024900000542402267,0.00419999985024333,0.39969998598098755,0.7663000226020813,0.7034000158309937,0.013100000098347664,0.10459999740123749,0.9531000256538391,0.23659999668598175,0.16050000488758087
YPR160W,Cytoplasm,,Soluble,0.7465000152587891,0.33059999346733093,0.03959999978542328,0.1680999994277954,0.2700999975204468,0.04569999873638153,0.15569999814033508,0.2915000021457672,0.09290000051259995,0.032499998807907104,0.4526999890804291,0.08919999748468399,0.08760000020265579,0.7857999801635742
YPR165W,Cytoplasm|Cell membrane,,Lipid anchor,0.5169000029563904,0.24330000579357147,0.03849999979138374,0.6243000030517578,0.26930001378059387,0.011900000274181366,0.4009000062942505,0.46059998869895935,0.45320001244544983,0.12389999628067017,0.5651000142097473,0.06480000168085098,0.9556000232696533,0.36419999599456787
YPR167C,Cytoplasm,Nuclear localization signal|Nuclear export signal,Soluble,0.7484999895095825,0.4643999934196472,0.01979999989271164,0.1185000017285347,0.579800009727478,0.04839999973773956,0.16300000250339508,0.04910000041127205,0.07670000195503235,0.04989999905228615,0.41179999709129333,0.048500001430511475,0.06729999929666519,0.7821999788284302
YPR170W-B,Cell membrane|Lysosome/Vacuole,Transmembrane domain,Transmembrane,0.07169999927282333,0.10740000009536743,0.06769999861717224,0.6383000016212463,0.08789999783039093,0.01360000018030405,0.438400000333786,0.7160999774932861,0.49549999833106995,0.010900000110268593,0.04699999839067459,0.996399998664856,0.040300000458955765,0.058400001376867294
YPR183W,Endoplasmic reticulum|Lysosome/Vacuole|Golgi apparatus,Transmembrane domain,Transmembrane,0.23119999468326569,0.1914999932050705,0.06530000269412994,0.15129999816417694,0.5447999835014343,0.04010000079870224,0.8436999917030334,0.6216999888420105,0.6866999864578247,0.006200000178068876,0.3239000141620636,0.8689000010490417,0.047600001096725464,0.15299999713897705
YPR184W,Cytoplasm,,Soluble,0.7502999901771545,0.3109999895095825,0.0771000012755394,0.24150000512599945,0.32659998536109924,0.048900000751018524,0.23260000348091125,0.3765999972820282,0.24230000376701355,0.027799999341368675,0.44769999384880066,0.20550000667572021,0.061799999326467514,0.7024000287055969
YPR191W,Mitochondrion,Mitochondrial transit peptide,Peripheral|Soluble,0.13459999859333038,0.1437000036239624,0.0617000013589859,0.02590000070631504,0.9386000037193298,0.008299999870359898,0.03420000150799751,0.008700000122189522,0.007799999788403511,0.0052999998442828655,0.7207000255584717,0.044199999421834946,0.05460000038146973,0.7386999726295471
YPR192W,Cell membrane,,Transmembrane,0.3896999955177307,0.08089999854564667,0.09730000048875809,0.5974000096321106,0.2425999939441681,0.0019000000320374966,0.4422000050544739,0.5309000015258789,0.25029999017715454,0.02850000001490116,0.02280000038444996,0.9544000029563904,0.2646999955177307,0.2150000035762787
YPR193C,Cytoplasm|Nucleus,,Soluble,0.5784000158309937,0.7128000259399414,0.16509999334812164,0.08060000091791153,0.24549999833106995,0.01899999938905239,0.09849999845027924,0.12269999831914902,0.164000004529953,0.07109999656677246,0.39590001106262207,0.20399999618530273,0.07750000059604645,0.6456000208854675
